pair	key	word	pinyin	hsk	voices
11	an1xin1	安心	ānxīn	20	female,male
11	ban1fa1	颁发	bānfā	70	female,male
11	ban1qian1	搬迁	bānqiān	73	female,male
11	bao1za1	包扎	bāozā	104	female,male
11	bei1ai1	悲哀	bēi’āi	137	female,male
11	bei1wei1	卑微	bēiwēi	143	female,male
11	ben1bo1	奔波	bēnbō	155	female,male
11	bi1zhen1	逼真	bīzhēn	176	female,male
11	bian1jiang1	边疆	biānjiāng	197	female,male
11	bian1zhi1	编织	biānzhī	207	female,male
11	biao1qian1	标签	biāoqiān	236	female,male
11	biao1sheng1	飙升	biāoshēng	237	female,male
11	bin1fen1	缤纷	bīnfēn	256	female,male
11	bin1wei1	濒危	bīnwēi	258	female,male
11	bo1tao1	波涛	bōtāo	281	female,male
11	bo1xue1	剥削	bōxuē	282	female,male
11	cang1sang1	沧桑	cāngsāng	389	female,male
11	cao1xin1	操心	cāoxīn	397	female,male
11	chai1qian1	拆迁	chāiqiān	426	female,male
11	chao1biao1	超标	chāobiāo	456	female,male
11	che1jian1	车间	chējiān	465	female,male
11	chi1dai1	痴呆	chīdāi	508	female,male
11	chi1kui1	吃亏	chīkuī	511	female,male
11	chi1xin1	痴心	chīxīn	514	female,male
11	chong1dang1	充当	chōngdāng	533	female,male
11	chou1qian1	抽签	chōuqiān	553	female,male
11	chu1shen1	出身	chūshēn	586	female,male
11	chu1zheng1	出征	chūzhēng	592	female,male
11	chu1zhong1	初衷	chūzhōng	594	female,male
11	chu1zi1	出资	chūzī	595	female,male
11	chuan1suo1	穿梭	chuānsuō	619	female,male
11	chuang1shang1	创伤	chuāngshāng	633	female,male
11	chui1yan1	炊烟	chuīyān	639	female,male
11	cu1cao1	粗糙	cūcāo	684	female,male
11	cuo1shang1	磋商	cuōshāng	702	female,male
11	dan1bian1	单边	dānbiān	762	female,male
11	dan1dang1	担当	dāndāng	764	female,male
11	dan1shen1	单身	dānshēn	769	female,male
11	dang1xin1	当心	dāngxīn	785	female,male
11	di1gu1	低估	dīgū	837	female,male
11	dian1feng1	巅峰	diānfēng	872	female,male
11	dui1ji1	堆积	duījī	982	female,male
11	duo1bian1	多边	duōbiān	1005	female,male
11	duo1xin1	多心	duōxīn	1007	female,male
11	fa1dai1	发呆	fādāi	1033	female,male
11	fan1fan1	翻番	fānfān	1062	female,male
11	fan1shen1	翻身	fānshēn	1064	female,male
11	fan1xin1	翻新	fānxīn	1066	female,male
11	fang1zhen1	方针	fāngzhēn	1099	female,male
11	fen1dan1	分担	fēndān	1151	female,male
12	ai1qiu2	哀求	āiqiú	3	female,male
12	an1ning2	安宁	ānníng	17	female,male
12	an1xiang2	安详	ānxiáng	19	female,male
12	ba1cheng2	八成	bāchéng	37	female,male
12	bao1rong2	包容	bāoróng	102	female,male
12	bao1wei2	包围	bāowéi	103	female,male
12	ben1chi2	奔驰	bēnchí	156	female,male
12	bian1cheng2	编程	biānchéng	195	female,male
12	bian1pai2	编排	biānpái	201	female,male
12	bian1yuan2	边缘	biānyuán	203	female,male
12	biao1shi2	标识	biāoshí	238	female,male
12	bin1lin2	濒临	bīnlín	257	female,male
12	bing1bao2	冰雹	bīngbáo	259	female,male
12	bo1duo2	剥夺	bōduó	276	female,male
12	bo1ji2	波及	bōjí	277	female,male
12	bo1lan2	波澜	bōlán	279	female,male
12	bo1zhe2	波折	bōzhé	283	female,male
12	can1mou2	参谋	cānmóu	373	female,male
12	cang1bai2	苍白	cāngbái	387	female,male
12	cao1lao2	操劳	cāoláo	395	female,male
12	cha1e2	差额	chā’é	413	female,male
12	cha1tu2	插图	chātú	416	female,male
12	chang1kuang2	猖狂	chāngkuáng	441	female,male
12	chao1qian2	超前	chāoqián	458	female,male
12	chao1xi2	抄袭	chāoxí	459	female,male
12	chi1mi2	痴迷	chīmí	513	female,male
12	chou1cha2	抽查	chōuchá	552	female,male
12	chu1ju2	出局	chūjú	577	female,male
12	chu1shen2	出神	chūshén	585	female,male
12	chu1tai2	出台	chūtái	588	female,male
12	chu1tou2	出头	chūtóu	589	female,male
12	chuan1zhuo2	穿着	chuānzhuó	621	female,male
12	chuang1lian2	窗帘	chuānglián	632	female,male
12	chui1niu2	吹牛	chuīniú	637	female,male
12	cui1can2	摧残	cuīcán	691	female,male
12	cui1mian2	催眠	cuīmián	694	female,male
12	da1cheng2	搭乘	dāchéng	709	female,male
12	dan1bo2	单薄	dānbó	763	female,male
12	dang1ji2	当即	dāngjí	780	female,male
12	di1mi2	低迷	dīmí	839	female,male
12	die1fu2	跌幅	diēfú	904	female,male
12	diu1ren2	丢人	diūrén	928	female,male
12	en1qing2	恩情	ēnqíng	1025	female,male
12	en1ren2	恩人	ēnrén	1026	female,male
12	fa1cai2	发财	fācái	1032	female,male
12	fa1jue2	发觉/发掘	fājué/fājué	1037/1038	female,male
12	fa1ya2	发芽	fāyá	1045	female,male
12	fa1yang2	发扬	fāyáng	1046	female,male
12	fa1yuan2	发源	fāyuán	1049	female,male
13	an1fu3	安抚	ānfǔ	15	female,male
13	an1wen3	安稳	ānwěn	18	female,male
13	ba1lei3	芭蕾	bālěi	40	female,male
13	ban1dian3	斑点	bāndiǎn	69	female,male
13	ban1jiang3	颁奖	bānjiǎng	71	female,male
13	bao1bian3	褒贬	bāobiǎn	99	female,male
13	bei1bi3	卑鄙	bēibǐ	138	female,male
13	bei1can3	悲惨	bēicǎn	139	female,male
13	bian1yuan3	边远	biānyuǎn	204	female,male
13	biao1bang3	标榜	biāobǎng	232	female,male
13	biao1ben3	标本	biāoběn	233	female,male
13	biao1dian3	标点	biāodiǎn	234	female,male
13	biao1yu3	标语	biāoyǔ	240	female,male
13	bo1kuan3	拨款	bōkuǎn	278	female,male
13	cai1xiang3	猜想	cāixiǎng	358	female,male
13	cha1qu3	插曲	chāqǔ	414	female,male
13	cha1shou3	插手	chāshǒu	415	female,male
13	cha1zui3	插嘴	chāzuǐ	417	female,male
13	chi1ku3	吃苦	chīkǔ	510	female,male
13	chong1jing3	憧憬	chōngjǐng	534	female,male
13	chong1xi3	冲洗	chōngxǐ	537	female,male
13	chu1chang3	出厂	chūchǎng	572	female,male
13	chu1chou3	出丑	chūchǒu	573	female,male
13	chu1fang3	出访	chūfǎng	576	female,male
13	chu1shou3	出手	chūshǒu	587	female,male
13	chu1tu3	出土	chūtǔ	590	female,male
13	chu1zou3	出走	chūzǒu	596	female,male
13	chui1peng3	吹捧	chuīpěng	638	female,male
13	cu1lu3	粗鲁	cūlǔ	685	female,male
13	cui1hui3	摧毁	cuīhuǐ	693	female,male
13	dan1bao3	担保	dānbǎo	761	female,male
13	deng1chang3	登场	dēngchǎng	826	female,male
13	deng1ding3	登顶	dēngdǐng	827	female,male
13	di1gu3	低谷	dīgǔ	836	female,male
13	dian1bo3	颠簸	diānbǒ	869	female,male
13	dian1dao3	颠倒	diāndǎo	870	female,male
13	ding1zhu3	叮嘱	dīngzhǔ	910	female,male
13	diu1lian3	丢脸	diūliǎn	926	female,male
13	fa1dou3	发抖	fādǒu	1034	female,male
13	fa1huo3	发火	fāhuǒ	1035	female,male
13	fei1dei3	非得	fēiděi	1125	female,male
13	fei1fa3	非法	fēifǎ	1127	female,male
13	fen1jie3	分解	fēnjiě	1158	female,male
13	feng1cai3	风采	fēngcǎi	1181	female,male
13	feng1ding3	封顶	fēngdǐng	1184	female,male
13	feng1man3	丰满	fēngmǎn	1196	female,male
13	feng1shui3	风水	fēngshuǐ	1206	female,male
13	feng1suo3	封锁	fēngsuǒ	1208	female,male
13	fu1qian3	肤浅	fūqiǎn	1226	female,male
13	fu1yan3	敷衍	fūyǎn	1227	female,male
14	an1ding4	安定	āndìng	14	female,male
14	an1yi4	安逸	ānyì	21	female,male
14	an1zhi4	安置	ānzhì	22	female,male
14	ba1gua4	八卦	bāguà	38	female,male
14	ban1bu4	颁布	bānbù	68	female,male
14	bao1bi4	包庇	bāobì	98	female,male
14	bei1fu4	背负	bēifù	140	female,male
14	bei1tong4	悲痛	bēitòng	142	female,male
14	ben1fu4	奔赴	bēnfù	157	female,male
14	beng1dai4	绷带	bēngdài	170	female,male
14	beng1kui4	崩溃	bēngkuì	171	female,male
14	bi1jin4	逼近	bījìn	174	female,male
14	bi1po4	逼迫	bīpò	175	female,male
14	bian1ce4	鞭策	biāncè	194	female,male
14	bian1hao4	编号	biānhào	196	female,male
14	bian1jie4	边界	biānjiè	198	female,male
14	bian1jing4	边境	biānjìng	199	female,male
14	bian1ju4	编剧	biānjù	200	female,male
14	bian1pao4	鞭炮	biānpào	202	female,male
14	bian1zao4	编造	biānzào	205	female,male
14	bian1zhi4	编制	biānzhì	206	female,male
14	biao1ji4	标记	biāojì	235	female,male
14	biao1shi4	标示	biāoshì	239	female,male
14	biao1zhi4	标致	biāozhì	241	female,male
14	bo1dong4	波动	bōdòng	275	female,male
14	bo1lang4	波浪	bōlàng	280	female,male
14	can1jian4	参见	cānjiàn	372	female,male
14	can1zhao4	参照	cānzhào	374	female,male
14	cang1cu4	仓促	cāngcù	388	female,male
14	cao1kong4	操控	cāokòng	394	female,male
14	cao1lian4	操练	cāoliàn	396	female,male
14	cao1zong4	操纵	cāozòng	398	female,male
14	cha1cuo4	差错	chācuò	412	female,male
14	chang1sheng4	昌盛	chāngshèng	442	female,male
14	chao1piao4	钞票	chāopiào	457	female,male
14	chi1li4	吃力	chīlì	512	female,male
14	chong1chi4	充斥	chōngchì	531	female,male
14	chong1ci4	冲刺	chōngcì	532	female,male
14	chong1lang4	冲浪	chōnglàng	535	female,male
14	chong1pei4	充沛	chōngpèi	536	female,male
14	chong1yu4	充裕	chōngyù	538	female,male
14	chong1zhuang4	冲撞	chōngzhuàng	539	female,male
14	chou1yang4	抽样	chōuyàng	555	female,male
14	chu1dong4	出动	chūdòng	574	female,male
14	chu1ju4	出具	chūjù	578	female,male
14	chu1lu4	出路	chūlù	580	female,male
14	chu1mai4	出卖	chūmài	581	female,male
14	chu1mian4	出面	chūmiàn	582	female,male
14	chu1ren4	出任	chūrèn	583	female,male
14	chu1zhong4	出众	chūzhòng	593	female,male
21	bie2shuo1	别说	biéshuō	252	female,male
21	cai2jing1	财经	cáijīng	363	female,male
21	can2que1	残缺	cánquē	379	female,male
21	cang2shen1	藏身	cángshēn	393	female,male
21	chang2zheng1	长征	chángzhēng	449	female,male
21	chen2si1	沉思	chénsī	480	female,male
21	cheng2bao1	承包	chéngbāo	488	female,male
21	cheng2jia1	成家	chéngjiā	490	female,male
21	cheng2jie1	承接	chéngjiē	492	female,male
21	cheng2qing1	澄清	chéngqīng	497	female,male
21	cheng2tian1	成天	chéngtiān	500	female,male
21	cheng2xin1	成心	chéngxīn	501	female,male
21	chong2gao1	崇高	chónggāo	543	female,male
21	chong2shen1	重申	chóngshēn	547	female,male
21	chu2chuang1	橱窗	chúchuāng	598	female,male
21	chuan2dan1	传单	chuándān	623	female,male
21	cun2xin1	存心	cúnxīn	699	female,male
21	da2biao1	达标	dábiāo	713	female,male
21	de2shi1	得失	déshī	817	female,male
21	du2jia1	独家	dújiā	964	female,male
21	du2shen1	独身	dúshēn	966	female,male
21	fan2duo1	繁多	fánduō	1067	female,male
21	fen2shao1	焚烧	fénshāo	1166	female,male
21	ge2xin1	革新	géxīn	1346	female,male
21	guo2hui1	国徽	guóhuī	1536	female,male
21	han2xuan1	寒暄	hánxuān	1585	female,male
21	hang2tian1	航天	hángtiān	1594	female,male
21	he2hu1	合乎	héhū	1628	female,male
21	he2hua1	荷花	héhuā	1629	female,male
21	he2yue1	合约	héyuē	1645	female,male
21	he2zi1	合资	hézī	1647	female,male
21	heng2xing1	恒星	héngxīng	1660	female,male
21	hong2guan1	宏观	hóngguān	1669	female,male
21	hu2po1	湖泊	húpō	1706	female,male
21	hu2shuo1	胡说	húshuō	1707	female,male
21	hua2ji1	滑稽	huájī	1720	female,male
21	hua2ti1	滑梯	huátī	1726	female,male
21	huang2gong1	皇宫	huánggōng	1766	female,male
21	huang2hun1	黄昏	huánghūn	1768	female,male
21	hui2gui1	回归	huíguī	1781	female,male
21	hui2sheng1	回升	huíshēng	1785	female,male
21	hun2shen1	浑身	húnshēn	1811	female,male
21	huo2gai1	活该	huógāi	1816	female,male
21	huo2qi1	活期	huóqī	1817	female,male
21	ji2ta1	吉他	jítā	1880	female,male
21	ji2zi1	集资	jízī	1890	female,male
21	jie2jing1	结晶	jiéjīng	2093	female,male
21	kuang2huan1	狂欢	kuánghuān	2439	female,male
21	lai2bin1	来宾	láibīn	2468	female,male
21	lan2gan1	栏杆	lángān	2476	female,male
22	bo2hui2	驳回	bóhuí	288	female,male
22	bo2xue2	博学	bóxué	290	female,male
22	cai2jue2	裁决	cáijué	364	female,male
22	cai2yuan2	裁员	cáiyuán	366	female,male
22	can2liu2	残留	cánliú	378	female,male
22	cao2za2	嘈杂	cáozá	399	female,male
22	cha2jue2	察觉	chájué	420	female,male
22	cha2ming2	查明	chámíng	422	female,male
22	chai2you2	柴油	cháiyóu	427	female,male
22	chang2huan2	偿还	chánghuán	443	female,male
22	chang2ren2	常人	chángrén	446	female,male
22	chang2zu2	长足	chángzú	450	female,male
22	chao2xue2	巢穴	cháoxué	463	female,male
22	chen2mi2	沉迷	chénmí	477	female,male
22	chen2zhuo2	沉着	chénzhuó	482	female,male
22	cheng2cai2	成才	chéngcái	489	female,male
22	cheng2qiang2	城墙	chéngqiáng	496	female,male
22	cheng2quan2	成全	chéngquán	498	female,male
22	cheng2xing2	成型	chéngxíng	502	female,male
22	chi2chi2	迟迟	chíchí	516	female,male
22	chi2ming2	驰名	chímíng	519	female,male
22	chi2ping2	持平	chípíng	520	female,male
22	chi2tang2	池塘	chítáng	521	female,male
22	chi2yi2	迟疑	chíyí	522	female,male
22	chong2chong2	重重	chóngchóng	540	female,male
22	chong2die2	重叠	chóngdié	541	female,male
22	chong2he2	重合	chónghé	544	female,male
22	chou2ji2	筹集	chóují	563	female,male
22	chou2ren2	仇人	chóurén	567	female,male
22	chuan2bo2	船舶	chuánbó	622	female,male
22	chuan2mei2	传媒	chuánméi	624	female,male
22	chuan2qi2	传奇	chuánqí	625	female,male
22	chuan2ren2	传人	chuánrén	626	female,male
22	chuan2wen2	传闻	chuánwén	627	female,male
22	chuan2yan2	传言	chuányán	628	female,male
22	chun2jie2	纯洁	chúnjié	646	female,male
22	ci2cheng2	辞呈	cíchéng	653	female,male
22	ci2xiang2	慈祥	cíxiáng	659	female,male
22	cong2lin2	丛林	cónglín	676	female,male
22	cong2rong2	从容	cóngróng	677	female,male
22	cong2tou2	从头	cóngtóu	679	female,male
22	cun2huo2	存活	cúnhuó	697	female,male
22	cun2zhe2	存折	cúnzhé	700	female,male
22	duo2kui2	夺魁	duókuí	1009	female,male
22	fa2men2	阀门	fámén	1053	female,male
22	fan2hua2	繁华	fánhuá	1068	female,male
22	fan2za2	繁杂	fánzá	1072	female,male
22	feng2he2	缝合	fénghé	1217	female,male
22	fu2chi2	扶持	fúchí	1228	female,male
22	ge2he2	隔阂	géhé	1341	female,male
23	bo2mu3	伯母	bómǔ	289	female,male
23	can2ren3	残忍	cánrěn	380	female,male
23	cang2pin3	藏品	cángpǐn	392	female,male
23	cha2chu3	查处	cháchǔ	418	female,male
23	chang2li3	常理	chánglǐ	444	female,male
23	chao2shui3	潮水	cháoshuǐ	462	female,male
23	chen2wen3	沉稳	chénwěn	481	female,male
23	cheng2ken3	诚恳	chéngkěn	493	female,male
23	cheng2pin3	成品	chéngpǐn	495	female,male
23	chi2huan3	迟缓	chíhuǎn	518	female,male
23	chi2zao3	迟早	chízǎo	523	female,male
23	chong2fan3	重返	chóngfǎn	542	female,male
23	chong2zu3	重组	chóngzǔ	549	female,male
23	chou2ma3	筹码	chóumǎ	564	female,male
23	chun2pu3	纯朴/淳朴	chúnpǔ/chúnpǔ	647/648	female,male
23	ci2dian3	辞典	cídiǎn	655	female,male
23	ci2tie3	磁铁	cítiě	657	female,male
23	de2shou3	得手	déshǒu	818	female,male
23	de2ti3	得体	détǐ	819	female,male
23	die2qi3	迭起	diéqǐ	907	female,male
23	du2pin3	毒品	dúpǐn	965	female,male
23	er2yi3	而已	éryǐ	1028	female,male
23	fan2yan3	繁衍	fányǎn	1071	female,male
23	fang2shou3	防守	fángshǒu	1105	female,male
23	fu2lu3	俘虏	fúlǔ	1232	female,male
23	guo2tu3	国土	guótǔ	1538	female,male
23	guo2you3	国有	guóyǒu	1541	female,male
23	hang2hai3	航海	hánghǎi	1590	female,male
23	he2ai3	和蔼	hé’ǎi	1620	female,male
23	he2deng3	何等	héděng	1624	female,male
23	he2hao3	和好	héhǎo	1627	female,male
23	he2huo3	合伙	héhuǒ	1630	female,male
23	he2jie3	和解	héjiě	1632	female,male
23	he2ku3	何苦	hékǔ	1633	female,male
23	he2zhi3	何止	hézhǐ	1646	female,male
23	hong2shu3	红薯	hóngshǔ	1675	female,male
23	hong2wei3	宏伟	hóngwěi	1676	female,male
23	huan2bi3	环比	huánbǐ	1745	female,male
23	hui2shou3	回首	huíshǒu	1786	female,male
23	hui2xiang3	回想	huíxiǎng	1788	female,male
23	ji2ke3	即可	jíkě	1870	female,male
23	ji2qu3	汲取	jíqǔ	1874	female,male
23	ji2shou3	棘手	jíshǒu	1878	female,male
23	ji2zao3	及早	jízǎo	1887	female,male
23	jie2jian3	节俭	jiéjiǎn	2090	female,male
23	jue2qi3	崛起	juéqǐ	2275	female,male
23	jue2xing3	觉醒	juéxǐng	2278	female,male
23	lai2fang3	来访	láifǎng	2470	female,male
23	leng2jiao3	棱角	léngjiǎo	2512	female,male
24	ai2zheng4	癌症	áizhèng	6	female,male
24	bi2ti4	鼻涕	bítì	177	female,male
24	bie2kan4	别看	biékàn	250	female,male
24	bie2shu4	别墅	biéshù	251	female,male
24	bie2zhi4	别致	biézhì	253	female,male
24	bo2dou4	搏斗	bódòu	286	female,male
24	bo2fu4	伯父	bófù	287	female,male
24	bo2yi4	博弈	bóyì	291	female,male
24	bu2dang4	不当	búdàng	293	female,male
24	bu2ding4	不定	búdìng	294	female,male
24	bu2kui4	不愧	búkuì	297	female,male
24	bu2li4	不力	búlì	298	female,male
24	bu2miao4	不妙	búmiào	299	female,male
24	bu2shen4	不慎	búshèn	300	female,male
24	bu2xia4	不下	búxià	301	female,male
24	bu2xiao4	不肖	búxiào	303	female,male
24	bu2xie4	不屑/不懈	búxiè/búxiè	304/305	female,male
24	cai2ding4	裁定	cáidìng	360	female,male
24	cai2gan4	才干	cáigàn	362	female,male
24	cai2li4	财力	cáilì	365	female,male
24	cai2zheng4	财政	cáizhèng	367	female,male
24	can2ku4	残酷	cánkù	376	female,male
24	can2kui4	惭愧	cánkuì	377	female,male
24	cang2ni4	藏匿	cángnì	391	female,male
24	cha2huo4	查获	cháhuò	419	female,male
24	cha2kan4	察看	chákàn	421	female,male
24	chan2rao4	缠绕	chánrào	432	female,male
24	chang2tai4	常态	chángtài	447	female,male
24	chang2xiao4	长效	chángxiào	448	female,male
24	chao2nong4	嘲弄	cháonòng	461	female,male
24	chen2dian4	沉淀	chéndiàn	471	female,male
24	chen2jin4	沉浸	chénjìn	473	female,male
24	chen2jiu4	陈旧	chénjiù	474	female,male
24	chen2lie4	陈列	chénliè	475	female,male
24	chen2men4	沉闷	chénmèn	476	female,male
24	chen2shu4	陈述	chénshù	478	female,male
24	chen2shui4	沉睡	chénshuì	479	female,male
24	cheng2yi4	诚意	chéngyì	503	female,male
24	cheng2zai4	承载	chéngzài	504	female,male
24	cheng2zhi4	诚挚	chéngzhì	505	female,male
24	chi2dun4	迟钝	chídùn	517	female,male
24	chong2jing4	崇敬	chóngjìng	545	female,male
24	chong2shang4	崇尚	chóngshàng	546	female,male
24	chong2xian4	重现	chóngxiàn	548	female,male
24	chou2ban4	筹办	chóubàn	559	female,male
24	chou2cuo4	筹措	chóucuò	560	female,male
24	chou2hen4	仇恨	chóuhèn	561	female,male
24	chou2hua4	筹划	chóuhuà	562	female,male
24	chou2mi4	稠密	chóumì	566	female,male
31	ba3guan1	把关	bǎguān	44	female,male
31	bai3ban1	百般	bǎibān	55	female,male
31	bao3xian1	保鲜	bǎoxiān	115	female,male
31	bian3di1	贬低	biǎndī	209	female,male
31	biao3zhang1	表彰	biǎozhāng	247	female,male
31	bu3zhuo1	捕捉	bǔzhuō	318	female,male
31	cai3zhai1	采摘	cǎizhāi	370	female,male
31	chang3kai1	敞开	chǎngkāi	451	female,male
31	chu3fang1	处方	chǔfāng	602	female,male
31	chuan3xi1	喘息	chuǎnxī	630	female,male
31	da3lao1	打捞	dǎlāo	723	female,male
31	da3xiao1	打消	dǎxiāo	727	female,male
31	dao3ta1	倒塌	dǎotā	798	female,male
31	di3xiao1	抵消	dǐxiāo	849	female,male
31	di3ya1	抵押	dǐyā	850	female,male
31	ding3duo1	顶多	dǐngduō	912	female,male
31	ding3jian1	顶尖	dǐngjiān	914	female,male
31	er3guang1	耳光	ěrguāng	1029	female,male
31	fan3cha1	反差	fǎnchā	1076	female,male
31	fan3ji1	反击	fǎnjī	1081	female,male
31	fan3zhi1	反之	fǎnzhī	1089	female,male
31	fang3zhen1	仿真	fǎngzhēn	1111	female,male
31	fang3zhi1	纺织	fǎngzhī	1113	female,male
31	fu3mo1	抚摸	fǔmō	1242	female,male
31	gai3guan1	改观	gǎiguān	1276	female,male
31	gai3zhuang1	改装	gǎizhuāng	1280	female,male
31	gan3en1	感恩	gǎnēn	1292	female,male
31	gang3wan1	港湾	gǎngwān	1306	female,male
31	gu3dong1	股东	gǔdōng	1436	female,male
31	guan3jia1	管家	guǎnjiā	1489	female,male
31	guo3zhen1	果真	guǒzhēn	1544	female,male
31	hai3bin1	海滨	hǎibīn	1563	female,male
31	hai3jun1	海军	hǎijūn	1565	female,male
31	hai3tan1	海滩	hǎitān	1568	female,male
31	hai3wan1	海湾	hǎiwān	1570	female,male
31	hao3shuo1	好说	hǎoshuō	1603	female,male
31	hao3xin1	好心	hǎoxīn	1605	female,male
31	huo3hua1	火花	huǒhuā	1820	female,male
31	huo3shan1	火山	huǒshān	1825	female,male
31	ji3ya1	挤压	jǐyā	1892	female,male
31	jia3zhuang1	假装	jiǎzhuāng	1940	female,male
31	jian3cheng1	简称	jiǎnchēng	1975	female,male
31	jiang3bei1	奖杯	jiǎngbēi	2019	female,male
31	jie3pou1	解剖	jiěpōu	2107	female,male
31	jie3tuo1	解脱	jiětuō	2110	female,male
31	jie3xi1	解析	jiěxī	2112	female,male
31	jie3yue1	解约	jiěyuē	2113	female,male
31	jin3que1	紧缺	jǐnquē	2134	female,male
31	jin3suo1	紧缩	jǐnsuō	2136	female,male
31	jing3zhong1	警钟	jǐngzhōng	2198	female,male
32	bai3he2	百合	bǎihé	58	female,male
32	bai3ping2	摆平	bǎipíng	60	female,male
32	ban3quan2	版权	bǎnquán	75	female,male
32	bao3he2	饱和	bǎohé	105	female,male
32	bao3shi2	宝石	bǎoshí	112	female,male
32	ben3qian2	本钱	běnqián	159	female,male
32	bian3zhi2	贬值	biǎnzhí	210	female,male
32	biao3bai2	表白	biǎobái	242	female,male
32	biao3jue2	表决	biǎojué	243	female,male
32	bing3cheng2	秉承	bǐngchéng	264	female,male
32	bing3chi2	秉持	bǐngchí	265	female,male
32	bu3shi2	捕食	bǔshí	315	female,male
32	can3bai2	惨白	cǎnbái	382	female,male
32	cao3cong2	草丛	cǎocóng	401	female,male
32	cao3ping2	草坪	cǎopíng	402	female,male
32	chan3quan2	产权	chǎnquán	434	female,male
32	chan3zhi2	产值	chǎnzhí	439	female,male
32	cheng3qiang2	逞强	chěngqiáng	506	female,male
32	chou3wen2	丑闻	chǒuwén	571	female,male
32	chuai3mo2	揣摩	chuǎimó	616	female,male
32	da3mo2	打磨	dǎmó	726	female,male
32	dai3tu2	歹徒	dǎitú	750	female,male
32	dao3hang2	导航	dǎoháng	794	female,male
32	dao3mei2	倒霉	dǎoméi	797	female,male
32	di3ceng2	底层	dǐcéng	845	female,male
32	dian3ping2	点评	diǎnpíng	876	female,male
32	ding3ji2	顶级	dǐngjí	913	female,male
32	du3bo2	赌博	dǔbó	970	female,male
32	fa3ren2	法人	fǎrén	1054	female,male
32	fa3ting2	法庭	fǎtíng	1055	female,male
32	fa3ze2	法则	fǎzé	1056	female,male
32	fan3bo2	反驳	fǎnbó	1075	female,male
32	fan3chang2	反常	fǎncháng	1077	female,male
32	fan3huan2	返还	fǎnhuán	1080	female,male
32	fan3tan2	反弹	fǎntán	1085	female,male
32	fou3jue2	否决	fǒujué	1223	female,male
32	fu3shi2	腐蚀	fǔshí	1243	female,male
32	gai3liang2	改良	gǎiliáng	1277	female,male
32	geng3zhi2	耿直	gěngzhí	1363	female,male
32	gu3ge2	骨骼	gǔgé	1439	female,male
32	gu3ji2	古籍	gǔjí	1441	female,male
32	gu3min2	股民	gǔmín	1444	female,male
32	gu3zhe2	骨折	gǔzhé	1448	female,male
32	guan3xia2	管辖	guǎnxiá	1491	female,male
32	hai3mian2	海绵	hǎimián	1567	female,male
32	hai3tun2	海豚	hǎitún	1569	female,male
32	hai3xia2	海峡	hǎixiá	1571	female,male
32	huan3he2	缓和	huǎnhé	1749	female,male
32	huang3yan2	谎言	huǎngyán	1774	female,male
32	huo3shi2	伙食	huǒshí	1826	female,male
33	ba3bing3	把柄	bǎbǐng	43	female,male
33	bao3lei3	堡垒	bǎolěi	108	female,male
33	bao3man3	饱满	bǎomǎn	109	female,male
33	bao3mu3	保姆	bǎomǔ	111	female,male
33	bao3shou3	保守	bǎoshǒu	113	female,male
33	bao3yang3	保养	bǎoyǎng	116	female,male
33	bu3ji3	补给	bǔjǐ	312	female,male
33	bu3ru3	哺乳	bǔrǔ	314	female,male
33	chi3ru3	耻辱	chǐrǔ	526	female,male
33	da3dao3	打倒	dǎdǎo	718	female,male
33	da3du3	打赌	dǎdǔ	719	female,male
33	da3jiao3	打搅	dǎjiǎo	722	female,male
33	dao3yu3	岛屿	dǎoyǔ	800	female,male
33	di3dang3	抵挡	dǐdǎng	847	female,male
33	dian3huo3	点火	diǎnhuǒ	875	female,male
33	fan3gan3	反感	fǎngǎn	1079	female,male
33	fan3xiang3	反响	fǎnxiǎng	1087	female,male
33	fan3xing3	反省	fǎnxǐng	1088	female,male
33	fu3shou3	俯首	fǔshǒu	1245	female,male
33	fu3xiu3	腐朽	fǔxiǔ	1246	female,male
33	fu3yang3	抚养	fǔyǎng	1248	female,male
33	gai3ban3	改版	gǎibǎn	1274	female,male
33	gan3kai3	感慨	gǎnkǎi	1294	female,male
33	gao3gui3	搞鬼	gǎoguǐ	1322	female,male
33	gu3dong3	古董	gǔdǒng	1435	female,male
33	gu3pu3	古朴	gǔpǔ	1445	female,male
33	hai3zao3	海藻	hǎizǎo	1574	female,male
33	hao3bi3	好比	hǎobǐ	1600	female,male
33	hao3dai3	好歹	hǎodǎi	1601	female,male
33	huo3tui3	火腿	huǒtuǐ	1828	female,male
33	jia3shi3	假使	jiǎshǐ	1939	female,male
33	jian3cai3	剪彩	jiǎncǎi	1973	female,male
33	jian3duan3	简短	jiǎnduǎn	1976	female,male
33	jian3mian3	减免	jiǎnmiǎn	1982	female,male
33	jian3tao3	检讨	jiǎntǎo	1983	female,male
33	jiang3li3	讲理	jiǎnglǐ	2020	female,male
33	jiang3shang3	奖赏	jiǎngshǎng	2021	female,male
33	jie3ke3	解渴	jiěkě	2106	female,male
33	jie3ti3	解体	jiětǐ	2109	female,male
33	jin3zao3	尽早	jǐnzǎo	2137	female,male
33	jing3quan3	警犬	jǐngquǎn	2195	female,male
33	jiu3yang3	久仰	jiǔyǎng	2226	female,male
33	ju3zhi3	举止	jǔzhǐ	2255	female,male
33	kan3ke3	坎坷	kǎnkě	2326	female,male
33	ke3chi3	可耻	kěchǐ	2346	female,male
33	kou3shui3	口水	kǒushuǐ	2394	female,male
33	ku3nao3	苦恼	kǔnǎo	2411	female,male
33	li3cai3	理睬	lǐcǎi	2526	female,male
33	li3pin3	礼品	lǐpǐn	2531	female,male
33	liang3shou3	两手	liǎngshǒu	2591	female,male
34	bai3dong4	摆动	bǎidòng	56	female,male
34	bai3shu4	柏树	bǎishù	62	female,male
34	ban3kuai4	板块	bǎnkuài	74	female,male
34	bang3jia4	绑架	bǎngjià	94	female,male
34	bao3ku4	宝库	bǎokù	107	female,male
34	bao3mi4	保密	bǎomì	110	female,male
34	bao3wei4	保卫	bǎowèi	114	female,male
34	bao3you4	保佑	bǎoyòu	117	female,male
34	bao3zang4	宝藏	bǎozàng	118	female,male
34	bao3zhong4	保重	bǎozhòng	119	female,male
34	ben3fen4	本分	běnfèn	158	female,male
34	ben3se4	本色	běnsè	160	female,male
34	ben3xing4	本性	běnxìng	162	female,male
34	ben3yi4	本意	běnyì	163	female,male
34	bi3mo4	笔墨	bǐmò	179	female,male
34	bi3shi4	鄙视	bǐshì	181	female,male
34	biao3shu4	表述	biǎoshù	244	female,male
34	biao3shuai4	表率	biǎoshuài	245	female,male
34	biao3tai4	表态	biǎotài	246	female,male
34	bu3huo4	捕获	bǔhuò	311	female,male
34	bu3jiu4	补救	bǔjiù	313	female,male
34	bu3yu4	哺育	bǔyù	316	female,male
34	bu3zhu4	补助	bǔzhù	317	female,male
34	cai3kuang4	采矿	cǎikuàng	369	female,male
34	can3tong4	惨痛	cǎntòng	383	female,male
34	can3zhong4	惨重	cǎnzhòng	384	female,male
34	cao3an4	草案	cǎo’àn	400	female,male
34	cao3shuai4	草率	cǎoshuài	403	female,male
34	cao3yao4	草药	cǎoyào	404	female,male
34	chan3shi4	阐释	chǎnshì	435	female,male
34	chan3shu4	阐述	chǎnshù	436	female,male
34	chan3wu4	产物	chǎnwù	437	female,male
34	chao3zuo4	炒作	chǎozuò	464	female,male
34	chi3du4	尺度	chǐdù	525	female,male
34	chi3xiao4	耻笑	chǐxiào	527	female,male
34	chong3ai4	宠爱	chǒng’ài	551	female,male
34	chou3e4	丑恶	chǒu’è	569	female,male
34	chou3lou4	丑陋	chǒulòu	570	female,male
34	chu3bei4	储备	chǔbèi	601	female,male
34	chu3fen4	处分	chǔfèn	603	female,male
34	chu3jing4	处境	chǔjìng	604	female,male
34	chu3liang4	储量	chǔliàng	605	female,male
34	chu3shi4	处事	chǔshì	606	female,male
34	chu3zhi4	处置	chǔzhì	607	female,male
34	chuai3ce4	揣测	chuǎicè	615	female,male
34	ci3zhi4	此致	cǐzhì	662	female,male
34	cui3can4	璀璨	cuǐcàn	695	female,male
34	da3cha4	打岔	dǎchà	717	female,male
34	da3lie4	打猎	dǎliè	725	female,male
34	dan3liang4	胆量	dǎnliàng	770	female,male
41	ai4xi1	爱惜	àixī	12	female,male
41	an4shuo1	按说	ànshuō	27	female,male
41	an4zhong1	暗中	ànzhōng	28	female,male
41	ba4gong1	罢工	bàgōng	49	female,male
41	ba4xiu1	罢休	bàxiū	52	female,male
41	bai4tuo1	拜托	bàituō	66	female,male
41	bao4guang1	曝光	bàoguāng	130	female,male
41	bao4xiao1	报销	bàoxiāo	133	female,male
41	ben4zhuo1	笨拙	bènzhuō	168	female,male
41	beng4fa1	迸发	bèngfā	173	female,male
41	bi4duan1	弊端	bìduān	185	female,male
41	bi4jiang1	必将	bìjiāng	187	female,male
41	bi4sheng1	毕生	bìshēng	192	female,male
41	bian4geng1	变更	biàngēng	216	female,male
41	bian4qian1	变迁	biànqiān	223	female,male
41	bian4tong1	变通	biàntōng	225	female,male
41	bing4fei1	并非	bìngfēi	267	female,male
41	bing4jian1	并肩	bìngjiān	269	female,male
41	bu4kan1	不堪	bùkān	338	female,male
41	bu4xi1	不惜	bùxī	348	female,male
41	chen4ji1	趁机	chènjī	483	female,male
41	chen4tuo1	衬托	chèntuō	484	female,male
41	chu4mo1	触摸	chùmō	612	female,male
41	cu4yong1	簇拥	cùyōng	689	female,male
41	da4gang1	大纲	dàgāng	730	female,male
41	da4zong1	大宗	dàzōng	748	female,male
41	dai4gong1	怠工	dàigōng	753	female,male
41	dang4zhen1	当真	dàngzhēn	792	female,male
41	di4jiao1	递交	dìjiāo	861	female,male
41	di4zeng1	递增	dìzēng	867	female,male
41	diao4xiao1	吊销	diàoxiāo	902	female,male
41	ding4jin1	定金	dìngjīn	917	female,male
41	ding4ju1	定居	dìngjū	918	female,male
41	dong4gong1	动工	dònggōng	940	female,male
41	dong4shen1	动身	dòngshēn	945	female,male
41	fan4gui1	犯规	fànguī	1092	female,male
41	fang4kuan1	放宽	fàngkuān	1115	female,male
41	fei4xu1	废墟	fèixū	1147	female,male
41	fu4fa1	复发	fùfā	1257	female,male
41	fu4jia1	附加	fùjiā	1263	female,male
41	fu4su1	复苏	fùsū	1266	female,male
41	fu4weng1	富翁	fùwēng	1267	female,male
41	fu4xing1	复兴	fùxīng	1269	female,male
41	gao4zhi1	告知	gàozhī	1328	female,male
41	gou4si1	构思	gòusī	1423	female,male
41	gu4yong1	雇佣	gùyōng	1457	female,male
41	gua4gou1	挂钩	guàgōu	1466	female,male
41	gua4shi1	挂失	guàshī	1468	female,male
41	guan4chuan1	贯穿	guànchuān	1496	female,male
41	guan4shu1	灌输	guànshū	1499	female,male
42	ban4xue2	办学	bànxué	90	female,male
42	bao4chou2	报仇	bàochóu	124	female,male
42	bao4da2	报答	bàodá	125	female,male
42	bao4zhu2	爆竹	bàozhú	135	female,male
42	bei4ke2	贝壳	bèiké	147	female,male
42	bian4bie2	辨别	biànbié	212	female,male
42	bian4ge2	变革	biàngé	215	female,male
42	bian4xing2	变形	biànxíng	227	female,male
42	bing4xing2	并行	bìngxíng	272	female,male
42	bu4fa2	不乏/步伐	bùfá/bùfá	326/327	female,male
42	bu4fang2	不妨	bùfáng	329	female,male
42	bu4fu2	不服	bùfú	330	female,male
42	bu4ji2	不及	bùjí	332	female,male
42	bu4ju2	布局	bùjú	337	female,male
42	bu4ping2	不平	bùpíng	343	female,male
42	bu4rong2	不容	bùróng	344	female,male
42	cai4yao2	菜肴	càiyáo	371	female,male
42	chang4tan2	畅谈	chàngtán	454	female,male
42	che4li2	撤离	chèlí	468	female,male
42	chu4jue2	触觉	chùjué	610	female,male
42	chuan4men2	串门	chuànmén	631	female,male
42	cu4cheng2	促成	cùchéng	688	female,male
42	cuo4jue2	错觉	cuòjué	705	female,male
42	da4ju2	大局	dàjú	734	female,male
42	da4wei2	大为	dàwéi	743	female,male
42	dai4tou2	带头	dàitóu	758	female,male
42	dai4yan2	代言	dàiyán	759	female,male
42	dan4chen2	诞辰	dànchén	774	female,male
42	dao4bie2	道别	dàobié	803	female,male
42	di4guo2	帝国	dìguó	860	female,male
42	dian4tai2	电台	diàntái	884	female,male
42	dian4tang2	殿堂	diàntáng	885	female,male
42	diao4tou2	掉头	diàotóu	901	female,male
42	dong4jie2	冻结	dòngjié	941	female,male
42	dong4liang2	栋梁	dòngliáng	943	female,male
42	dong4xue2	洞穴	dòngxué	948	female,male
42	dong4yao2	动摇	dòngyáo	949	female,male
42	dong4yuan2	动员	dòngyuán	951	female,male
42	dou4liu2	逗留	dòuliú	958	female,male
42	du4jue2	杜绝	dùjué	972	female,male
42	duan4jue2	断绝	duànjué	977	female,male
42	duan4ran2	断然	duànrán	980	female,male
42	dui4bai2	对白	duìbái	986	female,male
42	dui4lian2	对联	duìlián	991	female,male
42	dui4liu2	对流	duìliú	992	female,male
42	dui4xing2	队形	duìxíng	995	female,male
42	e4yu2	鳄鱼	èyú	1020	female,male
42	fa4xing2	发型	fàxíng	1059	female,male
42	fan4chou2	犯愁	fànchóu	1090	female,male
43	an4li3	按理	ànlǐ	25	female,male
43	an4niu3	按钮	ànniǔ	26	female,male
43	ba4mian3	罢免	bàmiǎn	51	female,male
43	ban4dao3	半岛	bàndǎo	81	female,male
43	ban4lv3	伴侣	bànlǚ	85	female,male
43	bao4man3	爆满	bàomǎn	132	female,male
43	bei4ying3	背影	bèiyǐng	153	female,male
43	bi4lei3	壁垒	bìlěi	188	female,male
43	bi4shu3	避暑	bìshǔ	193	female,male
43	bian4jie3	辩解	biànjiě	221	female,male
43	bu4fa3	不法	bùfǎ	328	female,male
43	bu4jie3	不解	bùjiě	335	female,male
43	bu4mian3	不免	bùmiǎn	342	female,male
43	bu4shou3	部首	bùshǒu	346	female,male
43	bu4shu3	部署	bùshǔ	347	female,male
43	chan4dou3	颤抖	chàndǒu	440	female,male
43	chang4dao3	倡导	chàngdǎo	452	female,male
43	chen4zao3	趁早	chènzǎo	486	female,male
43	ci4er3	刺耳	cì’ěr	664	female,male
43	ci4gu3	刺骨	cìgǔ	665	female,male
43	ci4pin3	次品	cìpǐn	668	female,male
43	ci4yan3	刺眼	cìyǎn	672	female,male
43	cou4qiao3	凑巧	còuqiǎo	682	female,male
43	da4ti3	大体	dàtǐ	741	female,male
43	dai4bu3	逮捕	dàibǔ	751	female,male
43	dan4shui3	淡水	dànshuǐ	777	female,male
43	dang4wan3	当晚	dàngwǎn	790	female,male
43	dao4ban3	盗版	dàobǎn	802	female,male
43	dao4cao3	稻草	dàocǎo	804	female,male
43	dao4shu3	倒数	dàoshǔ	809	female,male
43	di4ban3	地板	dìbǎn	855	female,male
43	di4tan3	地毯	dìtǎn	863	female,male
43	di4zi3	弟子	dìzǐ	868	female,male
43	dian4di3	垫底	diàndǐ	880	female,male
43	dian4fen3	淀粉	diànfěn	882	female,male
43	dian4wang3	电网	diànwǎng	886	female,male
43	dong4gan3	动感	dònggǎn	939	female,male
43	fan4wan3	饭碗	fànwǎn	1095	female,male
43	fang4shui3	放水	fàngshuǐ	1117	female,male
43	fei4pin3	废品	fèipǐn	1142	female,male
43	fen4yong3	奋勇	fènyǒng	1177	female,male
43	fu4ben3	副本	fùběn	1254	female,male
43	fu4shu3	附属	fùshǔ	1265	female,male
43	gang4gan3	杠杆	gànggǎn	1307	female,male
43	gou4xiang3	构想	gòuxiǎng	1424	female,male
43	gu4you3	固有	gùyǒu	1458	female,male
43	gu4zhu3	雇主	gùzhǔ	1461	female,male
43	guo4jiang3	过奖	guòjiǎng	1551	female,male
43	guo4wang3	过往	guòwǎng	1558	female,male
43	guo4yin3	过瘾	guòyǐn	1560	female,male
44	ai4dai4	爱戴	àidài	8	female,male
44	ai4mei4	暧昧	àimèi	9	female,male
44	ai4mu4	爱慕	àimù	10	female,male
44	ai4shi4	碍事	àishì	11	female,male
44	an4jian4	案件	ànjiàn	24	female,male
44	ao4man4	傲慢	àomàn	32	female,male
44	ao4mi4	奥秘	àomì	33	female,male
44	ba4dao4	霸道	bàdào	48	female,male
44	ba4zhan4	霸占	bàzhàn	53	female,male
44	bai4huai4	败坏	bàihuài	63	female,male
44	bai4hui4	拜会	bàihuì	64	female,male
44	bai4jian4	拜见	bàijiàn	65	female,male
44	ban4jing4	半径	bànjìng	84	female,male
44	ban4shu4	半数	bànshù	87	female,male
44	ban4zou4	伴奏	bànzòu	91	female,male
44	bao4an4	报案	bào’àn	122	female,male
44	bao4fei4	报废	bàofèi	126	female,male
44	bao4fu4	报复/抱负	bàofù/bàofù	128/129	female,male
44	bao4li4	暴利	bàolì	131	female,male
44	bao4zao4	暴躁	bàozào	134	female,male
44	bei4fen4	备份	bèifèn	145	female,male
44	bei4gao4	被告	bèigào	146	female,male
44	bei4ke4	备课	bèikè	148	female,male
44	bei4mian4	背面	bèimiàn	149	female,male
44	bei4pan4	背叛	bèipàn	150	female,male
44	bei4song4	背诵	bèisòng	151	female,male
44	bei4zhan4	备战	bèizhàn	154	female,male
44	ben4dan4	笨蛋	bèndàn	166	female,male
44	ben4zhong4	笨重	bènzhòng	167	female,male
44	bi4bing4	弊病	bìbìng	182	female,male
44	bi4ding4	必定	bìdìng	184	female,male
44	bi4hua4	壁画	bìhuà	186	female,male
44	bi4lv4	碧绿	bìlǜ	189	female,male
44	bi4nan4	避难	bìnàn	190	female,male
44	bi4rang4	避让	bìràng	191	female,male
44	bian4bu4	遍布	biànbù	213	female,male
44	bian4fan4	便饭	biànfàn	214	female,male
44	bian4gu4	变故	biàngù	217	female,male
44	bian4hu4	辩护	biànhù	218	female,male
44	bian4huan4	变换	biànhuàn	219	female,male
44	bian4lun4	辩论	biànlùn	222	female,male
44	bian4ren4	辨认	biànrèn	224	female,male
44	bian4yi4	变异	biànyì	228	female,male
44	bian4zheng4	辩证	biànzhèng	229	female,male
44	bing4gou4	并购	bìnggòu	268	female,male
44	bing4li4	病历	bìnglì	270	female,male
44	bing4lie4	并列	bìngliè	271	female,male
44	bing4zheng4	病症	bìngzhèng	273	female,male
44	bu4jian4	部件	bùjiàn	333	female,male
